id	path	name	description	producer	price	url	type	notes
	\3DLOOM\3D ModelsPropsExterior\Modular Building 1 Free							
	\3Visio\Editor Extensions2D  Sprite Management\3Visio Shapes							
	\A dogs life software\Textures  MaterialsGround\Outdoor Ground Textures							
	\A World For Us\ScriptingInput - Output\Checkpoint Auto-Save							
	\Adjungo\Scripting\eDriven							
	\Alexander K\ScriptingIntegration\AK Universal iOS Plugin							
	\Allegorithmic\Complete Projects\Custom Character w Substance							
	\Allegorithmic\Complete Projects\Substance Pod Tutorial							
	\Allegorithmic\Complete ProjectsUnity Tech Demos\Airstream Substance Showcase							
	\Allegorithmic\Editor Extensions\Substance Terrain Tool							
	\Allegorithmic\Textures  Materials\18 FREE Substances 							
	\Allegorithmic\Textures  Materials\Bitmap2Material 22 Lite							
	\Allegorithmic\Textures  Materials\Make It A Brickwall							
	\Allegorithmic\Textures  Materials\Make It A Parquet							
	\Allegorithmic\Textures  MaterialsGround\Weathered Coating							
	\Allegorithmic\Textures  MaterialsOrganic\Cow SkinFur							
	\AlmostLogical Software\Editor ExtensionsUtilities\Rigidbody Sleep Toggle							
	\Amazon\ScriptingIntegration\Amazon GameCircle and Whispersync							
	\AndaSoft\Editor Extensions\EasyRoads3D Free							
	\Andres Olivella\3D ModelsCharactersHumanoidsFantasy\Maze Element Demon							
	\Andres Olivella\3D ModelsCharactersHumanoidsFantasy\Maze element Ice Golem							
	\Andres Olivella\3D ModelsCharactersHumanoidsHumans\Max Adventure Model							
	\Anomalous Underdog\ScriptingEffects\Melee Weapon Trail							
	\AntiLunchBox Studios\Scripting\Singleton Perfect							
	\bbo\3D ModelsEnvironmentsFantasy\Tower							
	\Bearded Man Studios Inc\Textures  Materials\Manhole							
	\Beintoo SpA\ScriptingIntegration\Beintoo Plugin							
	\Ben Throop\ScriptingEffects\Detonator Explosion Framework							
	\BetaSector\3D ModelsEnvironmentsFantasy\Pastel World - Free sample							
	\bisaniyehocam\3D ModelsCharactersHumanoidsFantasy\Skeletons Pack							
	\bisaniyehocam\3D ModelsCharactersHumanoidsHumans\Animated Miners with Mine Setting							
	\bisaniyehocam\3D ModelsCharactersHumanoidsHumans\Animated Spartan King							
	\bisaniyehocam\3D ModelsEnvironmentsFantasy\Dead Tower Scene							
	\bisaniyehocam\Complete ProjectsPacks\Simple Platform Toolkit							
	\bisaniyehocam\ScriptingGUI\Score Effect Script							
	\Bits of Realism (stormwaterproject)\Textures  MaterialsGround\Forest Ground Vegetation Pack							
	\Bits of Realism (stormwaterproject)\Textures  MaterialsGround\Mixed Forest Ground Textures							
	\Bitter Chihuahua\Scripting\Filter Me Free							
	\Black Rain Interactive\Scripting\Simple Sprite							
	\Black Rain Interactive\Textures  Materials\Black Rain Texture Pack							
	\BlackBerry\Scripting\BlackBerry In-App Purchasing							
	\Bleep Blop Audio\AudioSound FX\Free SFX Package							
	\blind-soft\ScriptingGUI\blindGUI							
	\BMSTRM\3D ModelsCharactersHumanoidsFantasy\Monster 							
	\Boomlagoon Ltd\Scripting\Boomlagoon JSON							
	\Bosoniq Tools\Editor ExtensionsUtilities\Open Recent Scene							
	\Brackeys\ScriptingGUI\Inventory System							
	\Brain Blinks\Textures  MaterialsGround\Forest Grounds Texture Pack							
	\Brilliant Game Studios\ScriptingAI\Advanced Fantasy AI Pack							
	\Brilliant Game Studios\ScriptingAI\Fantasy AI Basic Edition							
	\Bruno Rime\Shaders\Hard Surface Shaders Free							
	\Bunt Games\3D ModelsCharactersToons\Cute Molly							
	\Bunt Games\3D ModelsCharactersToons\Hero Boy							
	\Bunt Games\Textures  Materials\Match-3 Game PSD Textures							
	\ByDesign Games\Editor ExtensionsUtilities\ Extras Toolbar							
	\Canis\ScriptingGUI\DevManager(Free)							
	\Carmine T Guida Inc\ScriptingNetwork\dreamlocom - Free Instant Leaderboards and Promocode System							
	\CaveCreatures\Complete ProjectsSystems\MrMoustache Jump n Run							
	\Cerberus\3D ModelsCharactersAnimalsMammals\Bull Animation							
	\Chia-Hsien Chu\3D ModelsEnvironments\Logging Machine							
	\Chia-Hsien Chu\3D ModelsEnvironments\Thatched Cottage							
	\Christoffer C Jansson\3D ModelsCharactersAnimals\Bull Skull							
	\Ciela Spike\Scripting\Thread Ninja - Multithread Coroutine							
	\CloakWorks\ScriptingPhysics\Shroud Cloth Simulation Engine (Bundle)							
	\Clod\Textures  MaterialsSkies\Skybox							
	\Cobra-Games\Textures  Materials\A Texture Library Sample							
	\Cobra-Games\Textures  MaterialsMetal\Rusted Metal Plate Textures							
	\CodX (Luca Guareschi)\ScriptingGUI\SlideShow							
	\contactxzimgcom\Complete ProjectsUnity Tech Demos\Multi-Platform Marker Detection Plugin							
	\Corrupted Smile Studio\ScriptingAI\Spawner - Free							
	\CrossRoad_kimys2848\3D ModelsCharactersToons\Villager A Girl NPC V 22							
	\Cryonics Division\Audio\Procedural SadVangelis							
	\dactilardesign\3D ModelsEnvironmentsUrban\Detailed City Pack							
	\Daniele Giardini\ScriptingAnimation\HOTween							
	\Dastardly Banana ProductionsLLC\Complete ProjectsSystems\FPS Constructor							
	\Defective Studios\ScriptingInput - Output\JSON Object							
	\Dexsoft Games\Textures  MaterialsAbstract\Prototype Textures							
	\Different Methods\ScriptingGUI\Drawers							
	\Different Methods\ScriptingIntegration\Google Maps for Unity							
	\Distant Evolution\Editor ExtensionsUtilities\Custom Toolbar Editor Utility							
	\Dogzer\ScriptingAnimation\Inverse Kinematics							
	\Doppler Interactive\3D ModelsEnvironmentsLandscapes\Tidy Tile Pack 1							
	\Doppler Interactive\Editor ExtensionsDesign\Tidy Maze Maker							
	\Doppler Interactive\Editor ExtensionsDesign\Tidy Tile Mapper							
	\Doppler Interactive\Editor ExtensionsDesign\Tidy Wave Mesh							
	\dotBunny Inc\Scripting\Hydrogen Examples							
	\dotBunny Inc\Scripting\Hydrogen							
	\Dreamdev Studios\3D ModelsEnvironmentsFantasy\Campfire Pack							
	\dreammakersgroup\ScriptingIntegration\Log Viewer							
	\Duanes Mind\3D ModelsPropsIndustrial\Concrete Barrier Wooden Pallet  Oil Drum Props							
	\DYNATERIA (Dennis Maier)\Textures  Materials\Dissolve Texture Pack 1							
	\echo17\Complete Projects\Rise of the Dough							
	\Eddie Cameron\ScriptingInput - Output\InputVCR							
	\Edelweiss Interactive\Editor ExtensionsAnimation\Rigify to Unity							
	\Edelweiss Interactive\Editor ExtensionsSystem\Cloud System Free							
	\Edelweiss Interactive\Editor ExtensionsSystem\Decal System							
	\Enemy Giant\Textures  MaterialsGUI Skins\Necromancer GUI							
	\Evan Greenwood\ScriptingEffects\Pocket RPG  Weapon Trails							
	\Exit Games\ScriptingNetwork\Photon Bootcamp Multiplayer Showcase							
	\Exit Games\ScriptingNetwork\Photon Unity Networking Free							
	\Facebook\Scripting\Facebook SDK for Unity (beta)							
	\Fehr Games\ScriptingIntegration\Add Components to Children							
	\fingergrp\ScriptingEffects\CamShake							
	\Floop Technologies\ScriptingGUI\Parental Gate for Kids Apps							
	\FlyingTeapot\3D ModelsCharactersToons\MINIMINI Town  Free							
	\Forest Johnson\ScriptingEffects\Sprite Packer with Legacy Particle Emitter to Shuriken converter 							
	\forst\Complete ProjectsTutorials\Tree Creator Tutorial Assets							
	\forst\Shaders\Advanced Terrain Shaders							
	\Game Asset Studio\3D ModelsCharactersToons\Taichi Character Pack							
	\Game Developers Guild\ScriptingPhysics\Breakable Objects Framework - FREE							
	\Gargore\ScriptingInput - Output\Extensible Input Manager Free							
	\Gray Lake Studios\Scripting\ProD Free - Procedural Dungeon Generator Free Version							
	\groscalin\ScriptingIntegration\PlayerPrefs SocialPlatform							
	\Hameds Games\ScriptingGUI\Skill UI							
	\Hedgehog Team\3D ModelsEnvironments\Toon Level Kit							
	\Hedgehog Team\Textures  MaterialsNature\Nature Volume 1							
	\Hedgehog Team\Textures  MaterialsSkies\Skybox Volume 2 (Nebula)							
	\Hedgehog Team\Textures  MaterialsSkies\SkySphere Volume 1							
	\Hutch\ScriptingIntegration\GameControllerUnity							
	\Hutong Games LLC\Editor ExtensionsVisual Scripting\Playmaker							
	\intCode Studios\Complete Projects\War Boats Minigame							
	\Ivanzu\3D ModelsPropsWeapons\Cartoony Medieval Weapon Package							
	\Jacob Penner\ScriptingCamera\Moba Camera							
	\Jean Moreno (JMO)\Particle Systems\Cartoon FX Pack 2							
	\Jean Moreno (JMO)\Shaders\Free Toony Colors Shaders							
	\JNA Mobile\Textures  MaterialsGUI Skins\Colorable Fantasy UI							
	\JNA Mobile\Textures  MaterialsGUI Skins\Colorable Mobile UI							
	\Johan Holtby\Scripting\Load balancer for threaded and main work							
	\JoshSavageAssets\ScriptingIntegration\Frame Rate Counter (FPS)							
	\Kii Corporation\Complete ProjectsTutorials\Kii 2D Platformer							
	\KirbyRawr\Complete ProjectsSystems\SkyProject							
	\KirbyRawr\Textures  MaterialsStone\StonePackage							
	\Kris Krej\Scripting\Auto Quality Chooser							
	\langvv\Textures  Materials\Foxxees Spheres							
	\langvv\Textures  Materials\Skull Images							
	\langvv\Textures  MaterialsBuildings\Angrave Delight							
	\Lemo Dev\Complete Projects\Roll The Ball							
	\Lemo Dev\Editor ExtensionsDesign\2DTile							
	\Lemo Dev\ScriptingNetwork\Online Highscore System							
	\Lions4\ScriptingPhysics\2D Dynamic Water							
	\Luca Eberhart\Textures  Materials\Free ArtskillZ Texture Pack 01							
	\Luciano Junior\3D ModelsCharactersToons\Last Hope Asset Pack							
	\Ludosity\ScriptingIntegration\Ludositys Steamworks Wrapper - Lite							
	\M-12 Technology Inc\ScriptingCamera\CAPA Free - The Camera Animation Tool							
	\M2H\Complete Projects\C game examples							
	\M2H\Scripting\M2H Culling							
	\M2H\ScriptingIntegration\Wooglie API							
	\Marrrk\Scripting\SaveIt Basic							
	\Matt Fenderson\Scripting\Array Utilities for C - Lite							
	\mediakorea\ScriptingEffects\Heat Sink							
	\mgear\Editor ExtensionsUtilities\Isolator							
	\Midnight Status (Screen Recorder)\Scripting\ScreenRecorder							
	\Mike Mahoney\ScriptingPhysics\Meshinator - Realtime Mesh Deformation							
	\Mikelarg\Textures  MaterialsGround\Cracked stone filled with lava							
	\MindHammerGames\Scripting\Screen Saver Builder							
	\Mister Necturus\3D ModelsCharactersAnimalsMammals\Animated Horse							
	\Mister Necturus\3D ModelsProps\Medieval Gold							
	\Mixamo\3D ModelsCharactersHumanoidsHumans\Female Character Pack							
	\Mixamo\3D ModelsCharactersHumanoidsHumans\Male Character Pack							
	\Mixamo\3D ModelsCharactersHumanoidsHumans\Soldier Character Pack							
	\Mixamo\3D ModelsCharactersHumanoidsHumans\Zombie Character Pack							
	\Mixamo\AnimationBipedal\Creature zombie running							
	\Mixamo\Scripting\RMCv2 Animation State Machine							
	\Mixamo\ScriptingAnimation\Mixamo Animator Event Script							
	\mobil\ScriptingIntegration\MapToolkit Lite							
	\Mobile Game Starter Kits\Textures  MaterialsBuildings\Magic Buildings 2d - free							
	\MOGA\ScriptingInput - Output\MOGA Plugin for Android  Windows Phone 8							
	\myBad Studios\ScriptingGUI\Simple Sliding Menus							
	\myBad Studios\ScriptingInput - Output\CML - Custom Markup Language							
	\NeoPax\Editor ExtensionsVisual Scripting\Antares Universe (VIZIO) Free							
	\Nick Gravelyn\Editor ExtensionsUtilities\UnityLock							
	\nicloay\ScriptingInput - Output\PersistentSingleton							
	\nicloay\ScriptingModeling\atlasToCube							
	\Night Forest\3D ModelsEnvironmentsFantasy\Medieval Toon House							
	\Ninety Nine Works\Textures  Materials\18 Seamless Normal Maps 512 Free							
	\Nobiax  Yughues\3D ModelsEnvironments\Rocks Pack - Freebies							
	\Nobiax  Yughues\Textures  Materials\Architecture textures pack							
	\Nobiax  Yughues\Textures  Materials\Pills - Medics Textures Pack							
	\Nobiax  Yughues\Textures  Materials\Precious Textures Pack							
	\Nobiax  Yughues\Textures  MaterialsConcrete\Concrete Textures Pack							
	\Nobiax  Yughues\Textures  MaterialsFabric\Fabric textures pack							
	\Nobiax  Yughues\Textures  MaterialsGround\Ground Textures Pack							
	\Nobiax  Yughues\Textures  MaterialsGround\Sand Textures Pack							
	\Nobiax  Yughues\Textures  MaterialsManmade\Grids  Nets textures pack							
	\Nobiax  Yughues\Textures  MaterialsManmade\Manmade Textures Pack							
	\Nobiax  Yughues\Textures  MaterialsMetal\Metal Textures Pack							
	\Nobiax  Yughues\Textures  MaterialsMetal\Stone Textures Pack							
	\Nobiax  Yughues\Textures  MaterialsNature\Bark Textures Pack							
	\Nobiax  Yughues\Textures  MaterialsNature\Nature textures pack							
	\Nobiax  Yughues\Textures  MaterialsPavement\Pavement Textures Pack							
	\Nobiax  Yughues\Textures  MaterialsWood\Wooden floor textures pack							
	\Orange Lee\Scripting\Texture Mixer							
	\Ori Hanegby\Textures  MaterialsNature\ElectricityLightning Shader							
	\outburners\Textures  MaterialsSkies\Sky5X One							
	\Path-o-logical Games LLC\ScriptingAnimation\UnityConstraints							
	\Perflexive\ScriptingEffects\Floatate							
	\PintSized\ScriptingModeling\OldSkool Voxel Render							
	\Pixelplacement\Scripting\iTween							
	\Playfuel Studio\Textures  MaterialsWood\Dark Wood Texture							
	\Playtomic\Editor Extensions\Playtomic							
	\PlayUp Tools\Editor Extensions\PlayUp Tools Plugin for Unity							
	\Poq Xert\Scripting\Key Library							
	\prime31\ScriptingAnimation\GoKit Tween Library							
	\Profi Developers\3D Models\Building Shed							
	\Profi Developers\AudioSound FX\Footsteps Sounds Carpet Pack							
	\PROTOFACTOR\3D ModelsCharactersAnimalsMammals\COW							
	\Purdyjo\ScriptingModeling\Draw Call Minimizer							
	\Ratrod Studio Inc\ScriptingIntegration\Unity Android Storekit							
	\Razvan 314\Textures  Materials2D Characters\Goblin Archer Cartoon Character							
	\Razvan 314\Textures  Materials2D Characters\Orc Warrior Cartoon Character 							
	\Reallusion\3D ModelsCharactersAnimalsMammals\Gorilla Character 							
	\Reallusion\3D ModelsCharactersToons\Groucho Character Pack							
	\Rebound Games\Editor ExtensionsAnimation\Simple Waypoint System							
	\Redhead Robot\3D ModelsCharactersToons\BigHead Starter Character							
	\Rezzable\ScriptingAnimation\MetaMorph Animation Kit							
	\RF Solutions\ScriptingInput - Output\Kinect with MS-SDK							
	\RF Solutions\ScriptingInput - Output\KinectPS with OpenNI 2							
	\Richard Pieterse\ScriptingInput - Output\Gamepad Input							
	\Rispat Momit\Textures  MaterialsAbstract\101 Standard Materials							
	\Rispat Momit\Textures  MaterialsSkies\Simple Cloud System by RM							
	\Rivello Multimedia Consulting\Scripting\uRX - Reactive Extensions for Unity  C							
	\Robin Schmidt\3D ModelsCharactersAnimalsMammals\Animals - Cow							
	\RRA\Editor ExtensionsTerrain\Dynamic Snow Terrain							
	\RUBE\3D ModelsPropsIndustrial\Industrial Props Pack							
	\RyLabs\Textures  Materials2D  Isometric Tiles\2D Dev Sprites							
	\Second Mouse Studios\Textures  MaterialsSci-Fi\Free Terrestrial Planet Pack							
	\Sergey Taraban\ScriptingGUI\Color Picker 							
	\Shape of Sound Ltd\Textures  MaterialsWood\Tudor Beams  Plaster							
	\Sixense Studios\ScriptingInput - Output\SixenseUnityPlugin							
	\Smooth Games\Scripting\SmoothCompare							
	\Smooth Games\Scripting\SmoothFoundations							
	\Smooth Games\Scripting\SmoothSlinq							
	\Sol-tribe\Complete ProjectsTemplates\Visual Novel Toolkit Free							
	\Song-GameDev\Complete Projects\Tower Defense Toolkit (TDTK) Free 							
	\Spicy Pixel\Scripting\Spicy Pixel Concurrency Kit							
	\Stans Assets\ScriptingAnimation\Texture Packer Free							
	\StarsProducts\Particle SystemsMagic\ 30 Particles Pack							
	\Static Nova\Particle SystemsWeather\Rain  Snow Prefabs							
	\Stereoskopix\ScriptingIntegration\Stereoskopix FOV2GO							
	\Steur 36\ScriptingModeling\BasicGrid							
	\Steven Craeynest\ScriptingEffects\Frost Effect							
	\sunduk\Complete Projects\The Virus war							
	\Synedge\Complete ProjectsTemplates\Facetracking Starter Kit							
	\takanari\3D ModelsEnvironmentsFantasy\Block Art Package							
	\Temo Kokiashvili\ScriptingModeling\Object Cutter							
	\The Arc Games Studio\Editor ExtensionsUtilities\URG Free edition							
	\the laboratory\Scripting\Forge							
	\TheAvatarStudio\3D ModelsCharactersHumanoidsHumans\Soldiers Pack							
	\TheChickenlord\ScriptingEffects\Directional Ambient Tools							
	\Thirdmotion\Scripting\StrangeIoC							
	\Thought Vandal\ScriptingCamera\MasterCamera							
	\Tibor Szijjarto\3D ModelsEnvironments\Medieval Village House							
	\Tim Wiese\Editor ExtensionsUtilities\SceneMate							
	\Tobias Lenz\Scripting\Object and Building Placement Kit							
	\Tobias Pott\Editor Extensions\Walhalla Interactive Toolkit							
	\TurnTheGameOn\ScriptingGUI\NPC - Shop Chat Dialogue							
	\Unity Technologies\3D ModelsEnvironments\Large Curtain Door							
	\Unity Technologies\3D ModelsEnvironments\Rustic Wooden Double-Door							
	\Unity Technologies\3D ModelsEnvironmentsSci-Fi\Deep Space Outpost Level 							
	\Unity Technologies\3D ModelsPropsExterior\Trashpile 1							
	\Unity Technologies\3D ModelsPropsExterior\Trashpile 2							
	\Unity Technologies\3D ModelsPropsInterior\Weathered Red Door							
	\Unity Technologies\3D ModelsVehiclesAir\F16a Fighter Jet							
	\Unity Technologies\AnimationBipedal\Raw Mocap data for Mecanim							
	\Unity Technologies\Complete Projects\3rd Person Shooter							
	\Unity Technologies\Complete ProjectsTemplates\Third Person MMO Controller							
	\Unity Technologies\Complete ProjectsTutorials\Car Tutorial							
	\Unity Technologies\Complete ProjectsTutorials\Character Customization							
	\Unity Technologies\Complete ProjectsTutorials\Mecanim GDC2013 Sample Project							
	\Unity Technologies\Complete ProjectsTutorials\Penelope Complete Project							
	\Unity Technologies\Complete ProjectsTutorials\Unity Projects 2D Platformer							
	\Unity Technologies\Complete ProjectsTutorials\Unity Projects Space Shooter							
	\Unity Technologies\Complete ProjectsTutorials\Unity Projects Stealth							
	\Unity Technologies\Complete ProjectsTutorials\Unity Samples Robot Lab							
	\Unity Technologies\Complete ProjectsUnity Tech Demos\Astro Dude							
	\Unity Technologies\Complete ProjectsUnity Tech Demos\Bootcamp							
	\Unity Technologies\Complete ProjectsUnity Tech Demos\Mecanim Example Scenes							
	\Unity Technologies\Complete ProjectsUnity Tech Demos\Procedural Examples							
	\Unity Technologies\Complete ProjectsUnity Tech Demos\Shader Replacement							
	\Unity Technologies\Complete ProjectsUnity Tech Demos\StarTrooper							
	\Unity Technologies\Complete ProjectsUnity Tech Demos\Unity Samples Particle Callbacks							
	\Unity Technologies\Editor Extensions\Create Script Dialog							
	\Unity Technologies\Editor ExtensionsSystem\Google Play OBB Downloader							
	\Unity Technologies\Particle Systems\Simple Particle Pack							
	\Unity Technologies\ScriptingAnimation\Head Look Controller							
	\Unity Technologies\ScriptingEffects\Lens Flares							
	\Unity Technologies\ScriptingGUI\Extra GUI Skins							
	\Unity Technologies\Services\Everyplay							
	\Unity Technologies\Shaders\Gem Shader							
	\Unity Technologies\Textures  Materials\Powered By Unity Logo Bundle							
	\Universal Image\3D ModelsPropsIndustrial\Barrel							
	\Universal Image\3D ModelsPropsIndustrial\Oil Tank							
	\Unluck Software\Particle Systems\Fly Particle System							
	\UV Motion\Textures  Materials\Free Seamless Textures							
	\Valentin Simonov\ScriptingInput - Output\TouchScript							
	\Veiai\Complete ProjectsSystems\Random Trait System 							
	\Victor Klepikov\Complete ProjectsTemplates\3D Shooter Starter Kit							
	\ViralVector\Complete ProjectsTemplates\FollowMe							
	\virtualPlayground\Scripting\BoundBoxes							
	\VIS Games\3D ModelsEnvironmentsUrban\Big City Street Segments							
	\VIS Games\3D ModelsPropsInterior\Locker Room Props							
	\VIS Games\ScriptingEffects\UniBug							
	\Vu studios\3D ModelsCharactersToons\Cartoon Boy and Girl 							
	\Web Technology Corp\ScriptingAnimation\Sprite Studio Player							
	\Well Fired Development\Editor ExtensionsAnimation\Cutscene Creator uSequencer							
	\whydoidoit\ScriptingInput - Output\Save Game-JSONBinary							
	\Will B\Textures  MaterialsSci-Fi\Tileable Sci- Fi Texture Pack - 1							
	\Wishmaster35\Scripting\Simple decal system							
	\WT Interactive\ScriptingPhysics\Breakable Glass							
	\wwwgamepropsnet\3D ModelsEnvironmentsUrban\Free 3D							
	\WyrmTale Games\Complete ProjectsPacks\Dice Pack Light							
	\WyrmTale Games\Editor Extensions2D  Sprite Management\Orthello 2D Framework							
	\YounGen Tech\Scripting\Health Script							
	\YoungWook Yang\ScriptingIntegration\Lets Tweet In Unity							
	\zonozone\Editor ExtensionsUtilities\zz Ruler							
